A,frequency,sinPhase
0.1,0,1.5707963267948966
0.2,0.00044,0
